"","X","List","Rank","Player_Name","Position","Team","Bye_Week","Best_Rank","Worst_Rank","Ave_Rank","Std_Dev","ADP","Tier","Consistency","FPTS","FPTSperG"
"1",1,1,1,"LeSean McCoy","RB","PHI",7,1,10,2.405405405,2.149285984,1,1,0.233033768,254.4,15.9
"2",2,2,2,"Jamaal Charles","RB","KC",6,1,13,2.567567568,2.973218663,2,1,0.364148324,259.8,16.2
"3",3,3,3,"Matt Forte","RB","CHI",9,1,12,3.837837838,2.174962112,4,1,0.285011174,241.7,15.1
"4",4,4,4,"Calvin Johnson","WR","DET",9,1,8,4.135135135,1.454947982,5,1,0.318715551,229.7,14.4
"5",5,5,5,"Adrian Peterson","RB","MIN",10,2,11,4.486486486,2.02179505,3,1,0.295099161,237.1,14.8
"6",6,6,6,"Jimmy Graham","TE","NO",6,4,12,6.702702703,1.768567367,8,1,0.317741515,195.4,12.2
"7",7,7,7,"Demaryius Thomas","WR","DEN",4,4,16,7.108108108,2.010563774,7,1,0.328491293,219.4,13.7
"8",8,8,8,"Dez Bryant","WR","DAL",11,3,18,8.054054054,2.347464946,9,1,0.344654177,200.9,12.6
"9",9,9,9,"Eddie Lacy","RB","GB",9,1,16,9.918918919,3.348080357,6,2,0.264342837,218.1,13.6
"10",10,10,10,"DeMarco Murray","RB","DAL",11,5,25,12.51351351,4.624386718,15,2,0.359808958,206.6,12.9
"11",11,11,11,"Montee Ball","RB","DEN",4,6,24,12.64864865,3.706941744,12,2,0.458993372,207.7,13
"12",12,12,12,"A.J. Green","WR","CIN",4,7,29,13.10810811,4.409962823,11,2,0.306502463,194.5,12.2
"13",13,13,13,"Brandon Marshall","WR","CHI",9,8,25,14.97297297,3.752379328,14,2,0.309706089,189.7,11.9
"14",14,14,14,"Julio Jones","WR","ATL",9,7,26,15,4.573720468,13,2,0.377001284,200.9,12.6
"15",15,15,15,"Giovani Bernard","RB","CIN",4,4,31,15.02702703,6.170927857,18,2,0.305493104,199.6,12.5
"16",16,16,16,"Marshawn Lynch","RB","SEA",4,11,31,16.97297297,5.222024493,16,3,0.276148135,202.6,12.7
"17",17,17,17,"Antonio Brown","WR","PIT",12,11,35,18.43243243,5.494668377,17,3,0.305087321,184.7,11.5
"18",18,18,18,"Andre Ellington","RB","ARI",4,10,37,18.72972973,4.694151903,24,3,0.382475587,180.7,11.3
"19",19,19,19,"Jordy Nelson","WR","GB",9,14,34,19.75675676,4.49868092,20,3,0.390800715,186.3,11.6
"20",20,20,20,"Doug Martin","RB","TB",7,5,48,22.62162162,9.341425759,22,4,0.337283006,199.8,12.5
"21",21,21,21,"Alshon Jeffery","WR","CHI",9,14,52,24.13513514,7.491119651,23,4,0.449163326,184.8,11.6
"22",22,22,22,"Le'Veon Bell","RB","PIT",12,9,46,24.16216216,8.429400009,29,4,0.197802198,193.4,12.1
"23",23,23,23,"Arian Foster","RB","HOU",10,9,81,25.40540541,12.33640944,26,4,0.273183326,188.1,11.8
"24",24,24,24,"Randall Cobb","WR","GB",9,16,41,27.02702703,5.548247771,25,4,0.434295425,173.4,10.8
"25",25,25,25,"Zac Stacy","RB","STL",4,13,53,27.40540541,9.098439009,32,4,0.32392782,191.4,12
"26",26,26,26,"Reggie Bush","RB","DET",9,9,44,28.27027027,8.122869446,33,4,0.347623258,167.4,10.5
"27",27,27,27,"Rob Gronkowski","TE","NE",10,18,71,31.51351351,9.18465707,31,5,0.372971982,150.9,9.4
"28",28,28,28,"Peyton Manning","QB","DEN",4,18,63,31.97297297,7.463375392,10,5,0.199594017,363.4,22.7
"29",29,29,29,"Andre Johnson","WR","HOU",10,19,59,32.2972973,9.934555758,37,5,0.371573738,162.4,10.2
"30",30,30,30,"Pierre Garcon","WR","WAS",10,14,54,32.81081081,8.87096033,38,5,0.427826993,149.7,9.4
"31",31,31,31,"Julius Thomas","TE","DEN",4,18,66,34,9.591663047,27,5,0.460984394,158.2,9.9
"32",32,32,32,"Vincent Jackson","WR","TB",7,23,48,34.05405405,5.876871506,35,5,0.410103964,166.5,10.4
"33",33,33,33,"Keenan Allen","WR","SD",10,17,55,34.78378378,8.077781121,28,5,0.383110542,155.5,9.7
"34",34,34,34,"Aaron Rodgers","QB","GB",9,30,45,36.16216216,3.349171043,21,5,0.204898933,345.6,21.6
"35",35,35,35,"Drew Brees","QB","NO",6,26,47,36.2972973,4.969446458,19,5,0.208303441,336,21
"36",36,36,36,"Roddy White","WR","ATL",9,20,90,36.32432432,12.37271203,36,5,0.388249309,152.1,9.5
"37",37,37,37,"Victor Cruz","WR","NYG",8,20,70,37.21621622,11.37359468,41,5,0.422142043,151,9.4
"38",38,38,38,"Shane Vereen","RB","NE",10,17,78,37.54054054,13.01474132,30,5,0.464807692,160.9,10.1
"39",39,39,39,"Ryan Mathews","RB","SD",10,17,58,38.94594595,11.27049711,51,6,0.3033572,168.8,10.6
"40",40,40,40,"Alfred Morris","RB","WAS",10,19,49,39.05405405,8.7763378,34,6,0.259014239,188.9,11.8
"41",41,41,41,"Rashad Jennings","RB","NYG",8,17,60,41.2972973,8.812966077,39,6,0.519049128,161.3,10.1
"42",42,42,42,"Larry Fitzgerald","WR","ARI",4,27,75,41.97297297,11.45729199,42,6,0.386453374,162.3,10.1
"43",43,43,43,"C.J. Spiller","RB","BUF",9,16,83,42.81081081,12.71057835,43,6,0.445564765,160.4,10
"44",44,44,44,"Michael Crabtree","WR","SF",8,7,84,43.89189189,14.83382509,48,6,0.420718537,159.9,10
"45",45,45,45,"Joique Bell","RB","DET",9,20,86,46.2972973,13.55442456,49,7,0.389313606,166.4,10.4
"46",46,46,46,"Toby Gerhart","RB","JAC",11,21,77,47.43243243,12.2970894,44,7,0.570570571,179.3,11.2
"47",47,47,47,"Michael Floyd","WR","ARI",4,20,85,49.02702703,12.25072858,45,7,0.44038135,151.1,9.4
"48",48,48,48,"Cordarrelle Patterson","WR","MIN",10,32,93,50.56756757,12.06634932,40,7,0.513078592,152.7,9.5
"49",49,49,49,"Ben Tate","RB","CLE",4,27,76,54,11.47029065,62,8,0.496485751,155.5,9.7
"50",50,50,50,"Torrey Smith","WR","BAL",11,28,75,54.10810811,11.3155807,58,8,0.450264049,143.7,9
"51",51,51,51,"Matthew Stafford","QB","DET",9,35,73,55.2972973,7.421170829,52,8,0.226615928,305.8,19.1
"52",52,52,52,"Ray Rice","RB","BAL",11,36,90,55.67567568,13.24009891,54,8,0.338644264,162.2,10.1
"53",53,53,53,"Kendall Wright","WR","TEN",9,36,88,56.7027027,11.6662249,67,8,0.307909152,132.6,8.3
"54",54,54,54,"Pierre Thomas","RB","NO",6,32,120,56.89189189,15.57680844,59,8,0.375699397,130.8,8.2
"55",55,55,55,"Percy Harvin","WR","SEA",4,32,129,59,18.16887746,47,8,0.387052448,143.7,9
"56",56,56,56,"Julian Edelman","WR","NE",10,38,113,59.40540541,17.01106073,50,8,0.552003007,135.9,8.5
"57",57,57,57,"Chris Johnson","RB","NYJ",11,26,101,59.56756757,12.51062368,60,8,0.350540783,158.8,9.9
"58",58,58,58,"Jordan Cameron","TE","CLE",4,30,150,62.94594595,22.41855644,53,9,0.597247225,123,7.7
"59",59,59,59,"Mike Wallace","WR","MIA",5,36,87,64.08108108,11.89907645,77,9,0.387962748,134.5,8.4
"60",60,60,60,"Andrew Luck","QB","IND",10,44,90,65.16216216,10.41961122,56,9,0.22875576,302.4,18.9
"61",61,61,61,"Marques Colston","WR","NO",6,26,90,65.48648649,13.37933385,68,9,0.384498222,137.9,8.6
"62",62,62,62,"DeSean Jackson","WR","WAS",10,53,96,65.72972973,11.73962716,61,9,0.392950784,141,8.8
"63",63,63,63,"Ty Hilton","WR","IND",10,38,94,65.83783784,14.20223339,57,9,0.468011152,135.4,8.5
"64",64,64,64,"Frank Gore","RB","SF",8,49,131,65.89189189,14.59689672,55,9,0.289682239,165.2,10.3
"65",65,65,65,"Eric Decker","WR","NYJ",11,44,96,67.97297297,12.75017008,83,9,0.466385563,125.9,7.9
"66",66,66,66,"Wes Welker","WR","DEN",4,27,229,69.05405405,35.70142396,70,9,0.321173444,117.6,7.3
"67",67,67,67,"Emmanuel Sanders","WR","DEN",4,40,101,75.2972973,15.40071052,46,10,0.399061465,146.6,9.2
"68",68,68,68,"Matt Ryan","QB","ATL",9,61,120,75.62162162,11.39072964,69,10,0.207302836,289.9,18.1
"69",69,69,69,"Danny Woodhead","RB","SD",10,22,125,76.16216216,21.24950049,74,10,0.40507262,122.3,7.6
"70",70,70,70,"Reggie Wayne","WR","IND",10,45,124,76.27027027,18.32241081,80,10,0.323550113,124,7.8
"71",71,41,41,"Larry Fitzgerald","WR","ARI",4,30,70,41.50980392,7.739312806,34,11,0.386453374,162.3,10.1
"72",72,42,42,"Rashad Jennings","RB","NYG",8,15,105,41.66666667,13.03790352,47,11,0.519049128,161.3,10.1
"73",73,43,43,"Reggie Bush","RB","DET",9,19,74,42.74509804,10.93984109,33,11,0.347623258,167.4,10.5
"74",74,44,44,"Frank Gore","RB","SF",8,32,66,46.70588235,8.044713567,48,11,0.289682239,165.2,10.3
"75",75,45,45,"Michael Floyd","WR","ARI",4,29,71,48.05882353,9.191666654,54,11,0.44038135,151.1,9.4
"76",76,46,46,"Michael Crabtree","WR","SF",8,25,84,48.31372549,12.72713666,45,11,0.420718537,159.9,10
"77",77,47,47,"Joique Bell","RB","DET",9,28,81,49.47058824,11.43841642,66,11,0.389313606,166.4,10.4
"78",78,48,48,"Cordarrelle Patterson","WR","MIN",10,27,82,49.54901961,10.65375516,49,11,0.513078592,152.7,9.5
"79",79,49,49,"Matthew Stafford","QB","DET",9,34,72,49.8627451,7.677365786,37,11,0.226615928,305.8,19.1
"80",80,50,50,"Ben Tate","RB","CLE",4,24,83,51.25490196,12.16849538,64,11,0.496485751,155.5,9.7
"81",81,51,51,"Torrey Smith","WR","BAL",11,33,75,51.39215686,9.988382333,65,11,0.450264049,143.7,9
"82",82,52,52,"Shane Vereen","RB","NE",10,26,77,52.19607843,12.3129449,57,11,0.464807692,160.9,10.1
"83",83,53,53,"Percy Harvin","WR","SEA",4,31,120,55.33333333,15.08234478,50,11,0.387052448,143.7,9
"84",84,54,54,"Andrew Luck","QB","IND",10,35,80,56.07843137,9.751506947,42,11,0.22875576,302.4,18.9
"85",85,55,55,"DeSean Jackson","WR","WAS",10,35,94,57.92156863,11.47861291,51,11,0.392950784,141,8.8
"86",86,56,56,"Chris Johnson","RB","NYJ",11,30,99,61.68627451,13.9600132,63,12,0.350540783,158.8,9.9
"87",87,57,57,"Jordan Cameron","TE","CLE",4,32,115,63.03921569,16.73901253,59,12,0.597247225,123,7.7
"88",88,58,58,"Mike Wallace","WR","MIA",5,39,97,63.15686275,12.29597822,78,12,0.387962748,134.5,8.4
"89",89,59,59,"Ray Rice","RB","BAL",11,20,110,63.64705882,17.86860927,67,12,0.338644264,162.2,10.1
"90",90,60,60,"Matt Ryan","QB","ATL",9,38,115,63.88235294,12.98513035,61,12,0.207302836,289.9,18.1
"91",91,61,61,"Ty Hilton","WR","IND",10,42,112,67.45098039,16.16497512,68,12,0.468011152,135.4,8.5
"92",92,62,62,"Tom Brady","QB","NE",10,40,96,65.66,10.25009268,52,12,0.218940093,285.8,17.9
"93",93,63,63,"Nick Foles","QB","PHI",7,44,115,69.03921569,14.28692091,56,12,0.371862589,298.4,18.6
"94",94,64,64,"Marques Colston","WR","NO",6,30,105,69.68627451,14.14142877,75,12,0.384498222,137.9,8.6
"95",95,65,65,"Vernon Davis","TE","SF",8,34,103,70.03921569,15.25979054,46,12,0.455057373,131.3,8.2
"96",96,66,66,"Kendall Wright","WR","TEN",9,44,97,71.03921569,12.80925031,84,12,0.307909152,132.6,8.3
"97",97,67,67,"Trent Richardson","RB","IND",10,35,138,74.92156863,23.44023952,70,13,0.391086884,151.5,9.5
"98",98,68,68,"Eric Decker","WR","NYJ",11,49,100,75.05882353,13.02247193,90,13,0.466385563,125.9,7.9
"99",99,69,69,"Wes Welker","WR","DEN",4,39,191,76.07843137,27.08580638,53,13,0.321173444,117.6,7.3
"100",100,70,70,"Jeremy Maclin","WR","PHI",7,36,130,76.43137255,16.69596042,73,13,0.434033256,133.1,8.3
"101",101,71,71,"Bishop Sankey","RB","TEN",9,25,199,71.44897959,31.56209379,62,12,NA,153.1,9.6
"102",102,72,72,"Tony Romo","QB","DAL",11,51,118,76.98039216,13.76624202,79,13,0.223378986,281.2,17.6
"103",103,73,73,"Lamar Miller","RB","MIA",5,45,116,74.9,17.3542502,95,13,0.438268793,120.1,7.5
"104",104,74,74,"Steven Jackson","RB","ATL",9,26,184,77.90196078,24.92675931,91,13,0.278731538,130.3,8.1
"105",105,75,75,"Cam Newton","QB","CAR",12,45,152,76.1,23.33345238,60,13,0.227840329,280.8,17.6
"106",106,76,76,"Emmanuel Sanders","WR","DEN",4,44,112,76.2,16.31931371,71,13,0.399061465,146.6,9.2
"107",107,77,77,"Jay Cutler","QB","CHI",9,46,116,79.17647059,16.65298169,94,13,0.26720893,272.4,17
"108",108,78,78,"Fred Jackson","RB","BUF",9,49,134,79.60784314,14.86419363,97,13,0.330450974,133.5,8.3
"109",109,79,79,"Julian Edelman","WR","NE",10,54,124,77.3,17.10584695,69,13,0.552003007,135.9,8.5
"110",110,80,80,"Pierre Thomas","RB","NO",6,59,129,79.96078431,14.07676543,92,13,0.375699397,130.8,8.2
"111",111,81,81,"Robert Griffin III","QB","WAS",10,39,146,81.43137255,20.35590669,72,13,NA,281.5,17.6
"112",112,82,82,"Terrance Williams","WR","DAL",11,58,125,81.64705882,14.76060407,87,13,0.400660066,129.8,8.1
"113",113,83,83,"Golden Tate","WR","DET",9,52,119,81.66666667,16.33793453,83,13,0.477590592,135.2,8.4
"114",114,84,84,"Jason Witten","TE","DAL",11,50,115,79.7,12.47116675,55,13,0.379614623,124.1,7.8
"115",115,85,85,"Maurice Jones-Drew","RB","OAK",5,48,137,83.23529412,16.81221339,81,13,0.296990895,135.8,8.5
"116",116,86,86,"Greg Olsen","TE","CAR",12,61,110,86.07843137,11.87986125,74,13,0.389597324,112.8,7
"117",117,87,87,"Colin Kaepernick","QB","SF",8,60,166,84.08,18.08849358,76,13,0.335365393,293,18.3
"118",118,88,88,"Stevan Ridley","RB","NE",10,46,170,84.14,22.70331253,89,13,0.45247184,148.7,9.3
"119",119,89,89,"Reggie Wayne","WR","IND",10,57,131,86.88235294,15.55338316,88,13,0.323550113,124,7.8
"120",120,90,90,"Russell Wilson","QB","SEA",4,46,125,86.84,18.12110372,93,13,0.271181983,278.3,17.4
"121",121,91,91,"Kyle Rudolph","TE","MIN",10,44,117,85.7755102,16.64057655,80,13,0.502626673,112.1,7
"122",122,92,92,"Jordan Reed","TE","WAS",10,57,121,87.67346939,13.17447711,85,13,0.345289335,115.3,7.2
"123",123,93,93,"Dennis Pitta","TE","BAL",11,61,126,93.64705882,13.93799087,77,14,0.474807928,121.4,7.6
"124",124,94,94,"Rueben Randle","WR","NYG",8,54,131,94.21568627,16.6607602,122,14,0.555316664,115.5,7.2
"125",125,95,95,"Brandin Cooks","WR","NO",6,59,185,95.04,20.98185883,100,14,NA,113,7.1
"126",126,96,96,"Bernard Pierce","RB","BAL",11,56,155,94.57142857,19.85354541,120,14,0.402639128,110.8,6.9
"127",127,97,97,"Sammy Watkins","WR","BUF",9,75,153,102.22,13.43322746,98,14,NA,121.5,7.6
"128",128,98,98,"Dwayne Bowe","WR","KC",6,79,147,103.92,13.6247422,117,14,0.378675645,110.5,6.9
"129",129,99,99,"Kelvin Benjamin","WR","CAR",12,56,150,100.9791667,18.273945,123,14,NA,118.4,7.4
"130",130,100,100,"Cecil Shorts","WR","JAC",11,66,184,106.08,22.82878884,131,14,0.460484404,103.6,6.5
"131",131,101,101,"Mike Evans","WR","TB",7,74,199,106.12,19.80367643,115,14,NA,111.4,7
"132",132,102,102,"Philip Rivers","QB","SD",10,57,150,101.1276596,21.19274968,104,14,0.227119895,266.3,16.6
"133",133,103,103,"Justin Hunter","WR","TEN",9,66,142,100.8478261,15.3537524,134,14,0.670918028,109,6.8
"134",134,104,104,"Jeremy Hill","RB","CIN",4,68,165,103.7659574,20.34825808,138,14,NA,107.8,6.7
"135",135,105,105,"Danny Woodhead","RB","SD",10,68,143,106.0833333,15.83486835,109,14,0.40507262,122.3,7.6
"136",136,106,106,"Zach Ertz","TE","PHI",7,74,145,106.7083333,15.34459505,110,14,0.505926043,105.7,6.6
"137",137,107,107,"Mark Ingram","RB","NO",6,56,174,107.8541667,23.36128348,128,14,0.452447261,98.6,6.2
"138",138,108,108,"Knowshon Moreno","RB","MIA",5,43,190,109.4375,25.13953249,103,14,0.361402492,127.6,8
"139",139,109,109,"DeAndre Hopkins","WR","HOU",10,79,148,109.7291667,14.23133219,125,14,0.427380274,105.4,6.6
"140",140,110,110,"Ben Roethlisberger","QB","PIT",12,55,149,107.4347826,18.14273381,119,14,0.227106786,265.2,16.6
"141",141,111,111,"Riley Cooper","WR","PHI",7,54,193,113.7959184,20.874728,111,15,0.545642997,107.8,6.7
"142",142,112,112,"DeAngelo Williams","RB","CAR",12,72,163,110.7021277,15.83816411,118,14,0.426877063,121.2,7.6
"143",143,113,113,"Anquan Boldin","WR","SF",8,83,159,114.8163265,17.80354639,114,15,0.377205135,107.7,6.7
"144",144,114,114,"Terrance West","RB","CLE",4,61,177,117.106383,24.20588467,124,15,NA,120.3,7.5
"145",145,115,115,"Darren Sproles","RB","PHI",7,83,152,116.9347826,14.57425093,99,15,0.344458691,103.2,6.5
"146",146,116,116,"Carlos Hyde","RB","SF",8,73,177,119.0638298,23.25565981,121,15,NA,102.3,6.4
"147",147,117,117,"Andy Dalton","QB","CIN",4,67,176,119.4444444,22.16659705,126,15,0.28033951,251.3,15.7
"148",148,118,118,"Greg Jennings","WR","MIN",10,71,173,120.3777778,20.01920066,156,15,0.400627567,94.9,5.9
"149",149,119,119,"Martellus Bennett","TE","CHI",9,97,171,124.2978723,15.5110323,116,15,0.511996498,101.3,6.3
"150",150,120,120,"Markus Wheaton","WR","PIT",12,96,179,124.0217391,17.86481742,160,15,0.759322034,93.6,5.8
"151",151,121,121,"Darren McFadden","RB","OAK",5,68,163,122.9333333,22.45231985,132,15,0.378879456,92.9,5.8
"152",152,122,122,"Andre Williams","RB","NYG",8,66,182,123.4,24.45531072,136,15,NA,105.9,6.6
"153",153,123,123,"Brian Hartline","WR","MIA",5,98,186,125.7391304,16.03180912,164,15,0.404735999,102.5,6.4
"154",154,124,124,"Christopher Ivory","RB","NYJ",11,89,165,124.3555556,17.50829081,145,15,NA,94.4,5.9
"155",155,125,125,"Hakeem Nicks","WR","IND",10,54,191,125.1333333,21.94396905,133,15,0.411702162,100.4,6.3
"156",156,126,126,"Shonn Greene","RB","TEN",9,60,191,130.0869565,24.83320541,162,16,0.443421339,95.3,6
"157",157,127,127,"Charles Clay","TE","MIA",5,80,199,131.6382979,21.8470754,147,16,0.582251082,93.7,5.9
"158",158,128,128,"Devonta Freeman","RB","ATL",9,96,187,125.744186,21.43035559,139,15,NA,101.8,6.4
"159",159,129,129,"Ryan Tannehill","QB","MIA",5,67,187,132.8297872,20.7726489,157,16,0.260593735,244.7,15.3
"160",160,130,130,"Seattle Seahawks","DST","SEA",4,103,205,131.1555556,16.65860546,58,16,NA,NA,NA
"161",161,131,131,"Ladarius Green","TE","SD",10,92,186,136.787234,20.82034211,154,16,0.511658485,96.1,6
"162",162,132,132,"Jordan Matthews","WR","PHI",7,105,190,137.2826087,23.01763317,174,16,NA,92.2,5.8
"163",163,133,133,"Carson Palmer","QB","ARI",4,85,166,134.627907,17.90676533,155,16,0.259807992,244.1,15.3
"164",164,134,134,"Jonathan Stewart","RB","CAR",12,78,176,137.6,20.854416,186,16,0.311748859,78.8,4.9
"165",165,135,135,"Ahmad Bradshaw","RB","IND",10,98,185,139.0869565,21.00913475,177,16,0.329606722,70.8,4.4
"166",166,136,136,"Jarrett Boykin","WR","GB",9,101,185,133.3809524,19.119863,159,16,0.605534455,104.5,6.5
"167",167,137,137,"LeGarrette Blount","RB","PIT",12,82,183,137.5909091,22.99141953,146,16,0.583534441,88.3,5.5
"168",168,138,138,"Kenny Stills","WR","NO",6,82,180,136.2142857,21.47150461,166,16,0.565964657,98.3,6.1
"169",169,139,139,"Heath Miller","TE","PIT",12,83,201,139.2325581,20.10187682,152,16,0.400689999,96.2,6
"170",170,140,140,"Aaron Dobson","WR","NE",10,81,197,136.6,22.66473031,207,16,0.479965899,65.4,4.1
"171",171,141,141,"Doug Baldwin","WR","SEA",4,96,178,139.15,20.42369947,173,16,0.488039751,99.8,6.2
"172",172,142,142,"Kenny Britt","WR","STL",4,71,200,137.8461538,28.97615152,193,16,0.67739949,85.7,5.4
"173",173,143,143,"Steve Smith","WR","BAL",11,100,188,146.9318182,21.05555177,144,17,0.408223336,94.7,5.9
"174",174,144,144,"Khiry Robinson","RB","NO",6,69,195,138.6315789,25.20382286,135,16,0.575167038,96.7,6
"175",175,145,145,"Tavon Austin","WR","STL",4,101,188,141.6052632,24.00607322,148,16,0.587840899,92.1,5.8
"176",176,146,146,"Danny Amendola","WR","NE",10,93,196,144.025641,28.09369596,143,16,0.454286763,86,5.4
"177",177,147,147,"James Jones","WR","OAK",5,93,183,143,24.9082527,167,16,0.397690799,94.9,5.9
"178",178,148,148,"Christine Michael","RB","SEA",4,93,242,147.5,26.59699231,153,17,0.23628692,87.4,5.5
"179",179,149,149,"Alex Smith","QB","KC",6,106,192,147.8292683,18.76673554,151,17,0.520446191,241.4,15.1
"180",180,150,150,"Antonio Gates","TE","SD",10,104,175,152.452381,12.53794694,137,17,0.416023511,95.9,6
"181",181,151,151,"Delanie Walker","TE","TEN",9,128,199,153.6190476,15.6356619,190,17,0.583390536,90.8,5.7
"182",182,152,152,"Eli Manning","QB","NYG",8,91,186,149.1578947,17.55671459,163,17,0.296729405,225.4,14.1
"183",183,153,153,"Andrew Hawkins","WR","CLE",4,110,189,152.0769231,21.36902217,232,17,0.502360484,87.4,5.5
"184",184,154,154,"Marqise Lee","WR","JAC",11,104,198,153.4102564,26.14821458,201,17,NA,88.6,5.5
"185",185,155,155,"Josh McCown","QB","TB",7,111,206,153.5897436,21.81826799,178,17,0.401778402,209.8,13.1
"186",186,156,156,"Lance Dunbar","RB","DAL",11,109,189,150.3888889,21.55262008,214,17,0.480505796,74.3,4.6
"187",187,157,157,"Marvin Jones","WR","CIN",4,77,255,152.3333333,36.02328091,172,17,0.519591214,85.4,5.3
"188",188,158,158,"San Francisco 49ers","DST","SF",8,112,206,158.7179487,21.5845965,82,17,NA,NA,NA
"189",189,159,159,"Joe Flacco","QB","BAL",11,120,194,157.8947368,15.95188402,149,17,0.265404473,226.9,14.2
"190",190,160,160,"Dwayne Allen","TE","IND",10,101,193,156.0555556,18.26950167,219,17,0.327109012,85.4,5.3
"191",191,93,93,"Dennis Pitta","TE","BAL",11,61,126,93.64705882,13.93799087,77,17,0.474807928,121.4,7.6
"192",192,94,94,"Rueben Randle","WR","NYG",8,54,131,94.21568627,16.6607602,122,17,0.555316664,115.5,7.2
"193",193,95,95,"Brandin Cooks","WR","NO",6,59,185,95.04,20.98185883,100,17,NA,113,7.1
"194",194,96,96,"Bernard Pierce","RB","BAL",11,56,155,94.57142857,19.85354541,120,17,0.402639128,110.8,6.9
"195",195,97,97,"Sammy Watkins","WR","BUF",9,75,153,102.22,13.43322746,98,17,NA,121.5,7.6
"196",196,98,98,"Dwayne Bowe","WR","KC",6,79,147,103.92,13.6247422,117,17,0.378675645,110.5,6.9
"197",197,99,99,"Kelvin Benjamin","WR","CAR",12,56,150,100.9791667,18.273945,123,17,NA,118.4,7.4
"198",198,100,100,"Cecil Shorts","WR","JAC",11,66,184,106.08,22.82878884,131,17,0.460484404,103.6,6.5
"199",199,101,101,"Mike Evans","WR","TB",7,74,199,106.12,19.80367643,115,17,NA,111.4,7
"200",200,102,102,"Philip Rivers","QB","SD",10,57,150,101.1276596,21.19274968,104,17,0.227119895,266.3,16.6
"201",201,103,103,"Justin Hunter","WR","TEN",9,66,142,100.8478261,15.3537524,134,17,0.670918028,109,6.8
"202",202,104,104,"Jeremy Hill","RB","CIN",4,68,165,103.7659574,20.34825808,138,17,NA,107.8,6.7
"203",203,105,105,"Danny Woodhead","RB","SD",10,68,143,106.0833333,15.83486835,109,17,0.40507262,122.3,7.6
"204",204,106,106,"Zach Ertz","TE","PHI",7,74,145,106.7083333,15.34459505,110,17,0.505926043,105.7,6.6
"205",205,107,107,"Mark Ingram","RB","NO",6,56,174,107.8541667,23.36128348,128,17,0.452447261,98.6,6.2
"206",206,108,108,"Knowshon Moreno","RB","MIA",5,43,190,109.4375,25.13953249,103,17,0.361402492,127.6,8
"207",207,109,109,"DeAndre Hopkins","WR","HOU",10,79,148,109.7291667,14.23133219,125,17,0.427380274,105.4,6.6
"208",208,110,110,"Ben Roethlisberger","QB","PIT",12,55,149,107.4347826,18.14273381,119,17,0.227106786,265.2,16.6
"209",209,111,111,"Riley Cooper","WR","PHI",7,54,193,113.7959184,20.874728,111,17,0.545642997,107.8,6.7
"210",210,112,112,"DeAngelo Williams","RB","CAR",12,72,163,110.7021277,15.83816411,118,17,0.426877063,121.2,7.6
"211",211,113,113,"Anquan Boldin","WR","SF",8,83,159,114.8163265,17.80354639,114,17,0.377205135,107.7,6.7
"212",212,114,114,"Terrance West","RB","CLE",4,61,177,117.106383,24.20588467,124,17,NA,120.3,7.5
"213",213,115,115,"Darren Sproles","RB","PHI",7,83,152,116.9347826,14.57425093,99,17,0.344458691,103.2,6.5
"214",214,116,116,"Carlos Hyde","RB","SF",8,73,177,119.0638298,23.25565981,121,17,NA,102.3,6.4
"215",215,117,117,"Andy Dalton","QB","CIN",4,67,176,119.4444444,22.16659705,126,18,0.28033951,251.3,15.7
"216",216,118,118,"Greg Jennings","WR","MIN",10,71,173,120.3777778,20.01920066,156,18,0.400627567,94.9,5.9
"217",217,119,119,"Martellus Bennett","TE","CHI",9,97,171,124.2978723,15.5110323,116,18,0.511996498,101.3,6.3
"218",218,120,120,"Markus Wheaton","WR","PIT",12,96,179,124.0217391,17.86481742,160,18,0.759322034,93.6,5.8
"219",219,121,121,"Darren McFadden","RB","OAK",5,68,163,122.9333333,22.45231985,132,18,0.378879456,92.9,5.8
"220",220,122,122,"Andre Williams","RB","NYG",8,66,182,123.4,24.45531072,136,18,NA,105.9,6.6
"221",221,123,123,"Brian Hartline","WR","MIA",5,98,186,125.7391304,16.03180912,164,18,0.404735999,102.5,6.4
"222",222,124,124,"Christopher Ivory","RB","NYJ",11,89,165,124.3555556,17.50829081,145,18,NA,94.4,5.9
"223",223,125,125,"Hakeem Nicks","WR","IND",10,54,191,125.1333333,21.94396905,133,18,0.411702162,100.4,6.3
"224",224,126,126,"Shonn Greene","RB","TEN",9,60,191,130.0869565,24.83320541,162,18,0.443421339,95.3,6
"225",225,127,127,"Charles Clay","TE","MIA",5,80,199,131.6382979,21.8470754,147,18,0.582251082,93.7,5.9
"226",226,128,128,"Devonta Freeman","RB","ATL",9,96,187,125.744186,21.43035559,139,18,NA,101.8,6.4
"227",227,129,129,"Ryan Tannehill","QB","MIA",5,67,187,132.8297872,20.7726489,157,18,0.260593735,244.7,15.3
"228",228,130,130,"Seattle Seahawks","DST","SEA",4,103,205,131.1555556,16.65860546,58,18,NA,NA,NA
"229",229,131,131,"Ladarius Green","TE","SD",10,92,186,136.787234,20.82034211,154,18,0.511658485,96.1,6
"230",230,132,132,"Jordan Matthews","WR","PHI",7,105,190,137.2826087,23.01763317,174,18,NA,92.2,5.8
"231",231,133,133,"Carson Palmer","QB","ARI",4,85,166,134.627907,17.90676533,155,18,0.259807992,244.1,15.3
"232",232,134,134,"Jonathan Stewart","RB","CAR",12,78,176,137.6,20.854416,186,18,0.311748859,78.8,4.9
"233",233,135,135,"Ahmad Bradshaw","RB","IND",10,98,185,139.0869565,21.00913475,177,18,0.329606722,70.8,4.4
"234",234,136,136,"Jarrett Boykin","WR","GB",9,101,185,133.3809524,19.119863,159,18,0.605534455,104.5,6.5
"235",235,137,137,"LeGarrette Blount","RB","PIT",12,82,183,137.5909091,22.99141953,146,18,0.583534441,88.3,5.5
"236",236,138,138,"Kenny Stills","WR","NO",6,82,180,136.2142857,21.47150461,166,18,0.565964657,98.3,6.1
"237",237,139,139,"Heath Miller","TE","PIT",12,83,201,139.2325581,20.10187682,152,18,0.400689999,96.2,6
"238",238,140,140,"Aaron Dobson","WR","NE",10,81,197,136.6,22.66473031,207,18,0.479965899,65.4,4.1
"239",239,141,141,"Doug Baldwin","WR","SEA",4,96,178,139.15,20.42369947,173,18,0.488039751,99.8,6.2
"240",240,142,142,"Kenny Britt","WR","STL",4,71,200,137.8461538,28.97615152,193,18,0.67739949,85.7,5.4
"241",241,143,143,"Steve Smith","WR","BAL",11,100,188,146.9318182,21.05555177,144,19,0.408223336,94.7,5.9
"242",242,144,144,"Khiry Robinson","RB","NO",6,69,195,138.6315789,25.20382286,135,18,0.575167038,96.7,6
"243",243,145,145,"Tavon Austin","WR","STL",4,101,188,141.6052632,24.00607322,148,18,0.587840899,92.1,5.8
"244",244,146,146,"Danny Amendola","WR","NE",10,93,196,144.025641,28.09369596,143,18,0.454286763,86,5.4
"245",245,147,147,"James Jones","WR","OAK",5,93,183,143,24.9082527,167,18,0.397690799,94.9,5.9
"246",246,148,148,"Christine Michael","RB","SEA",4,93,242,147.5,26.59699231,153,19,0.23628692,87.4,5.5
"247",247,149,149,"Alex Smith","QB","KC",6,106,192,147.8292683,18.76673554,151,19,0.520446191,241.4,15.1
"248",248,150,150,"Antonio Gates","TE","SD",10,104,175,152.452381,12.53794694,137,19,0.416023511,95.9,6
"249",249,151,151,"Delanie Walker","TE","TEN",9,128,199,153.6190476,15.6356619,190,19,0.583390536,90.8,5.7
"250",250,152,152,"Eli Manning","QB","NYG",8,91,186,149.1578947,17.55671459,163,19,0.296729405,225.4,14.1
"251",251,153,153,"Andrew Hawkins","WR","CLE",4,110,189,152.0769231,21.36902217,232,19,0.502360484,87.4,5.5
"252",252,154,154,"Marqise Lee","WR","JAC",11,104,198,153.4102564,26.14821458,201,19,NA,88.6,5.5
"253",253,155,155,"Josh McCown","QB","TB",7,111,206,153.5897436,21.81826799,178,19,0.401778402,209.8,13.1
"254",254,156,156,"Lance Dunbar","RB","DAL",11,109,189,150.3888889,21.55262008,214,19,0.480505796,74.3,4.6
"255",255,157,157,"Marvin Jones","WR","CIN",4,77,255,152.3333333,36.02328091,172,19,0.519591214,85.4,5.3
"256",256,158,158,"San Francisco 49ers","DST","SF",8,112,206,158.7179487,21.5845965,82,19,NA,NA,NA
"257",257,159,159,"Joe Flacco","QB","BAL",11,120,194,157.8947368,15.95188402,149,19,0.265404473,226.9,14.2
"258",258,160,160,"Dwayne Allen","TE","IND",10,101,193,156.0555556,18.26950167,219,19,0.327109012,85.4,5.3
"259",259,161,161,"Knile Davis","RB","KC",6,123,199,161.4615385,20.65323735,183,19,0.702069573,74.3,4.6
"260",260,162,162,"Tyler Eifert","TE","CIN",4,131,219,161.2368421,19.84470526,241,19,0.474446903,71.9,4.5
"261",261,163,163,"Travis Kelce","TE","KC",6,120,199,157.1176471,19.91269874,211,19,NA,79.9,5
"262",262,164,164,"James White","RB","NE",10,108,187,150.4137931,21.63891329,212,19,NA,59.4,3.7
"263",263,165,165,"Donald Brown","RB","SD",10,81,200,161.8888889,22.71291578,206,19,0.396611957,65.5,4.1
"264",264,166,166,"Jake Locker","QB","TEN",9,129,194,159.9705882,16.58221105,238,19,0.38661675,205.3,12.8
"265",265,167,167,"Eric Ebron","TE","DET",9,128,233,166.1621622,20.1970208,150,19,NA,81.8,5.1
"266",266,168,168,"Rod Streater","WR","OAK",5,105,197,157.5666667,24.02870968,234,19,0.438173494,94.1,5.9
"267",267,169,169,"Mike Williams","WR","BUF",9,117,199,164.1764706,22.35998341,NA,19,0.454135197,75.2,4.7
"268",268,170,170,"St. Louis Rams","DST","STL",4,129,211,167.8108108,21.29818903,102,20,NA,NA,NA
"269",269,171,171,"Garrett Graham","TE","HOU",10,144,230,163.78125,17.75481339,236,19,0.57067771,74.6,4.7
"270",270,172,172,"Carolina Panthers","DST","CAR",12,135,207,166.7142857,16.66059753,86,19,NA,NA,NA
"271",271,173,173,"Harry Douglas","WR","ATL",9,111,202,163.5,24.57768297,197,19,0.492197296,95.5,6
"272",272,174,174,"James Starks","RB","GB",9,107,254,163.8,27.92657038,200,19,0.43251038,70.1,4.4
"273",273,175,175,"Malcom Floyd","WR","SD",10,94,208,160.7142857,26.23092115,247,19,0.323331747,83.4,5.2
"274",274,176,176,"Robert Woods","WR","BUF",9,94,199,162.2758621,22.16380484,NA,19,0.413952628,82.5,5.2
"275",275,177,177,"Jared Cook","TE","STL",4,128,197,168.71875,17.0206389,228,20,0.468597118,75.1,4.7
"276",276,178,178,"Ronnie Hillman","RB","DEN",4,100,235,166.6206897,24.89344713,213,19,0.498156342,77.6,4.8
"277",277,179,179,"Kenbrell Thompkins","WR","NE",10,107,257,163.8461538,33.83067828,191,19,0.52809254,77.3,4.8
"278",278,180,180,"Jerricho Cotchery","WR","CAR",12,112,200,168.5806452,22.41510751,217,20,0.572790791,82.7,5.2
"279",279,181,181,"Cincinnati Bengals","DST","CIN",4,139,209,174.9722222,14.52103094,107,20,NA,NA,NA
"280",280,182,182,"Johnny Manziel","QB","CLE",4,111,215,158.9090909,27.48042128,165,19,NA,187.4,11.7
"281",281,183,183,"Cody Latimer","WR","DEN",4,112,212,162.7083333,26.47558493,NA,19,NA,45.6,2.8
"282",282,184,184,"Benny Cunningham","RB","STL",4,106,213,162.3913043,29.18865046,NA,19,0.750162514,68,4.2
"283",283,185,185,"Roy Helu","RB","WAS",10,123,214,174.1612903,17.09007781,229,20,0.539650517,67,4.2
"284",284,186,186,"Geno Smith","QB","NYJ",11,134,204,166.0833333,20.17406889,243,19,0.465395293,193.8,12.1
"285",285,187,187,"New England Patriots","DST","NE",10,127,212,176.21875,20.4017989,108,20,NA,NA,NA
"286",286,188,188,"Odell Beckham Jr.","WR","NYG",8,100,209,166.7391304,26.13047095,237,20,NA,82.2,5.1
"287",287,189,189,"Jonathan Grimes","RB","HOU",10,124,281,171.0869565,31.54418991,239,20,0.618811881,73.6,4.6
"288",288,190,190,"Denver Broncos","DST","DEN",4,137,210,176.5483871,16.79446666,101,20,NA,NA,NA
"289",289,191,191,"Tre Mason","RB","STL",4,118,228,173.125,20.48030049,221,20,NA,48.8,3
"290",290,192,192,"Andre Holmes","WR","OAK",5,122,197,163.2222222,24.84967148,NA,19,0.571619813,62.2,3.9
"291",291,193,193,"Steve Johnson","WR","SF",8,119,223,172.2272727,23.6737903,208,20,0.326350649,67.2,4.2
"292",292,194,194,"Miles Austin","WR","CLE",4,134,200,167.35,19.05852827,199,20,0.475714301,75.7,4.7
"293",293,195,195,"Mike Tolbert","RB","CAR",12,148,200,177.56,14.87838701,NA,20,0.445574643,74.6,4.7
"294",294,196,196,"Dexter McCluster","WR","TEN",9,131,199,175.6521739,19.32920452,202,20,0.481869787,83.3,5.2
"295",294,196,196,"Dexter McCluster","WR","TEN",9,131,199,175.6521739,19.32920452,202,20,0.481869787,83.5,5.2
"296",295,197,197,"John Brown","WR","ARI",4,117,206,168.1764706,29.17943533,NA,20,NA,69.9,4.4
"297",296,198,198,"Brian Quick","WR","STL",4,85,193,161.7857143,28.64107583,NA,19,0.634108687,65.6,4.1
"298",297,199,199,"Mohamed Sanu","WR","CIN",4,138,217,172.6666667,21.55097317,253,20,0.450585364,78.3,4.9
"299",298,200,200,"Coby Fleener","TE","IND",10,155,226,176.7,16.82884429,205,20,0.490573651,69.6,4.3
"300",299,201,201,"Tim Wright","TE","TB",7,130,251,175.1875,28.02280043,209,20,0.414749214,NA,NA
"301",300,202,202,"C.J. Anderson","RB","DEN",4,143,209,179.5238095,16.56622797,226,20,0.076502732,58.7,3.7
"302",301,203,203,"E.J. Manuel","QB","BUF",9,132,210,176.8888889,16.26819968,NA,20,0.277013292,196.4,12.3
"303",302,204,204,"Jacquizz Rodgers","RB","ATL",9,79,222,178.3333333,30.01110905,NA,20,0.436424958,57.7,3.6
"304",303,205,205,"Ryan Fitzpatrick","QB","HOU",10,139,199,177.9411765,15.12485523,NA,20,0.26667241,167.4,10.5
"305",304,206,206,"Jonathan Dwyer","RB","ARI",4,148,197,175,13.72103009,NA,20,0.527189324,38.5,2.4
"306",305,207,207,"Bryce Brown","RB","BUF",9,142,223,178.1875,19.80914798,NA,20,0.665503771,40,2.5
"307",306,208,208,"Arizona Cardinals","DST","ARI",4,144,208,183.7727273,16.10457817,105,20,NA,NA,NA
"308",307,209,209,"Marcedes Lewis","TE","JAC",11,154,239,181.0666667,22.0740169,252,20,0.474011858,71,4.4
"309",308,210,210,"Jermaine Kearse","WR","SEA",4,144,207,175.0833333,19.82615416,NA,20,0.603772565,54.7,3.4
"310",309,211,211,"Kansas City Chiefs","DST","KC",6,136,214,185.6842105,15.39669353,106,20,NA,NA,NA
"311",310,212,212,"Brandon LaFell","WR","NE",10,146,200,172.2,21.04661493,203,20,0.4389331,58.6,3.7
"312",311,213,213,"Shaun Hill","QB","STL",4,147,200,179.7692308,15.05964473,NA,20,0.727707006,183.3,11.5
"313",312,214,214,"Nate Washington","WR","TEN",9,157,240,185.6,17.54536976,NA,20,0.425458555,76,4.8
"314",313,215,215,"Matt Cassel","QB","MIN",10,156,260,182.2727273,26.73129221,NA,20,0.418362024,104.3,6.5
"315",314,216,216,"Robert Turbin","RB","SEA",4,146,249,185.25,29.45653578,NA,20,0.384143001,55.7,3.5
"316",315,217,217,"Bobby Rainey","RB","TB",7,135,245,181.4,27.04514744,NA,20,0.575982906,44.6,2.8
"317",316,218,218,"Lance Moore","WR","PIT",12,135,264,186.4,34.93765877,NA,20,0.409910488,72.5,4.5
"318",317,219,219,"Jace Amaro","TE","NYJ",11,156,198,178.6,13.16966211,251,20,NA,60.9,3.8
"319",318,220,220,"Cleveland Browns","DST","CLE",4,168,201,183.7692308,11.29434063,171,20,NA,NA,NA
